,0
Unnamed: 0,20329.0
 Source IP,3748655620.0
 Source Port,65534.0
 Destination IP,4294967295.0
 Destination Port,65487.0
 Protocol,17.0
 Flow Duration,119999969.0
 Total Fwd Packets,22543.0
 Total Backward Packets,104309.0
Total Length of Fwd Packets,16621769.0
 Total Length of Bwd Packets,150398500.0
 Fwd Packet Length Max,20272.0
 Fwd Packet Length Min,1460.0
 Fwd Packet Length Mean,3810.271604938272
 Fwd Packet Length Std,4672.402037529374
Bwd Packet Length Max,13032.0
 Bwd Packet Length Min,1460.0
 Bwd Packet Length Mean,1460.0
 Bwd Packet Length Std,1335.1154919619792
Flow Bytes/s,176666666.66666666
 Flow Packets/s,2000000.0
 Flow IAT Mean,119972517.0
 Flow IAT Std,84831606.90291114
 Flow IAT Max,119972517.0
 Flow IAT Min,119972517.0
Fwd IAT Total,119999951.0
 Fwd IAT Mean,119972517.0
 Fwd IAT Std,84831606.90291114
 Fwd IAT Max,119972517.0
 Fwd IAT Min,119972517.0
Bwd IAT Total,119999849.0
 Bwd IAT Mean,119849914.0
 Bwd IAT Std,84771420.09501688
 Bwd IAT Max,119894489.0
 Bwd IAT Min,119849914.0
Fwd PSH Flags,1.0
 Bwd PSH Flags,0.0
 Fwd URG Flags,0.0
 Bwd URG Flags,0.0
 Fwd Header Length,20974584695.0
 Bwd Header Length,54056416599.0
Fwd Packets/s,2000000.0
 Bwd Packets/s,1000000.0
 Min Packet Length,1452.0
 Max Packet Length,20272.0
 Packet Length Mean,1452.0
 Packet Length Std,3078.162769126684
 Packet Length Variance,9475086.033237657
FIN Flag Count,1.0
 SYN Flag Count,1.0
 RST Flag Count,0.0
 PSH Flag Count,1.0
 ACK Flag Count,1.0
 URG Flag Count,1.0
 CWE Flag Count,0.0
 ECE Flag Count,0.0
 Down/Up Ratio,75.0
 Average Packet Size,1936.0
 Avg Fwd Segment Size,3810.271604938272
 Avg Bwd Segment Size,1460.0
 Fwd Header Length.1,20974584695.0
Fwd Avg Bytes/Bulk,0.0
 Fwd Avg Packets/Bulk,0.0
 Fwd Avg Bulk Rate,0.0
 Bwd Avg Bytes/Bulk,0.0
 Bwd Avg Packets/Bulk,0.0
Bwd Avg Bulk Rate,0.0
Subflow Fwd Packets,22543.0
 Subflow Fwd Bytes,16621769.0
 Subflow Bwd Packets,104309.0
 Subflow Bwd Bytes,150398500.0
Init_Win_bytes_forward,65535.0
 Init_Win_bytes_backward,65535.0
 act_data_pkt_fwd,11499.0
 min_seg_size_forward,170524927.0
Active Mean,107496032.0
 Active Std,59267493.41828727
 Active Max,107496032.0
 Active Min,107496032.0
Idle Mean,119970805.0
 Idle Std,77373026.89728591
 Idle Max,119970805.0
 Idle Min,119970805.0
 Label,1.0
